TIME, ID, ST_B, ST_A, chunking, no_chunk, complete, shutdonw, fail
3.877073, 12, 1, 1, 0, 1, 0, 0, 0
19.716812, 97, 1, 1, 0, 2, 0, 0, 0
38.985496, 98, 1, 1, 0, 3, 0, 0, 0
47.381273, 5, 1, 1, 0, 4, 0, 0, 0
52.235209, 83, 1, 1, 0, 5, 0, 0, 0
56.601929, 58, 1, 1, 0, 6, 0, 0, 0
62.394257, 36, 1, 1, 0, 7, 0, 0, 0
64.965557, 53, 1, 1, 0, 8, 0, 0, 0
65.649821, 45, 1, 1, 0, 9, 0, 0, 0
66.304537, 14, 1, 1, 0, 10, 0, 0, 0
70.119385, 18, 1, 1, 0, 11, 0, 0, 0
72.009609, 27, 1, 1, 0, 12, 0, 0, 0
75.635617, 54, 1, 1, 0, 13, 0, 0, 0
77.441796, 95, 1, 1, 0, 14, 0, 0, 0
77.814765, 1, 1, 1, 0, 15, 0, 0, 0
77.900491, 52, 1, 1, 0, 16, 0, 0, 0
78.060963, 16, 1, 1, 0, 17, 0, 0, 0
78.983950, 68, 1, 1, 0, 18, 0, 0, 0
80.829459, 44, 1, 1, 0, 19, 0, 0, 0
81.181565, 84, 1, 1, 0, 20, 0, 0, 0
81.304042, 17, 1, 1, 0, 21, 0, 0, 0
82.395430, 72, 1, 1, 0, 22, 0, 0, 0
83.520141, 21, 1, 1, 0, 23, 0, 0, 0
84.527817, 9, 1, 1, 0, 24, 0, 0, 0
84.961158, 55, 1, 1, 0, 25, 0, 0, 0
85.759692, 3, 1, 1, 0, 26, 0, 0, 0
87.875024, 40, 1, 1, 0, 27, 0, 0, 0
87.945491, 4, 1, 1, 0, 28, 0, 0, 0
88.897940, 48, 1, 1, 0, 29, 0, 0, 0
88.973998, 71, 1, 1, 0, 30, 0, 0, 0
89.604241, 35, 1, 1, 0, 31, 0, 0, 0
91.281726, 70, 1, 1, 0, 32, 0, 0, 0
91.714517, 11, 1, 1, 0, 33, 0, 0, 0
92.158828, 85, 1, 1, 0, 34, 0, 0, 0
92.557262, 13, 1, 1, 0, 35, 0, 0, 0
92.562540, 19, 1, 1, 0, 36, 0, 0, 0
92.701110, 62, 1, 1, 0, 37, 0, 0, 0
94.877099, 76, 1, 1, 0, 38, 0, 0, 0
95.141024, 42, 1, 1, 0, 39, 0, 0, 0
96.187213, 87, 1, 1, 0, 40, 0, 0, 0
96.231477, 49, 1, 1, 0, 41, 0, 0, 0
96.565884, 33, 1, 1, 0, 42, 0, 0, 0
97.406475, 86, 1, 1, 0, 43, 0, 0, 0
97.537206, 64, 1, 1, 0, 44, 0, 0, 0
98.269247, 66, 1, 1, 0, 45, 0, 0, 0
98.766633, 79, 1, 1, 0, 46, 0, 0, 0
99.104567, 2, 1, 1, 0, 47, 0, 0, 0
99.360673, 60, 1, 1, 0, 48, 0, 0, 0
99.620703, 46, 1, 1, 0, 49, 0, 0, 0
100.410155, 25, 1, 1, 0, 50, 0, 0, 0
100.719270, 34, 1, 1, 0, 51, 0, 0, 0
101.168537, 67, 1, 1, 0, 52, 0, 0, 0
101.240770, 7, 1, 1, 0, 53, 0, 0, 0
101.319947, 51, 1, 1, 0, 54, 0, 0, 0
102.644182, 57, 1, 1, 0, 55, 0, 0, 0
102.747925, 75, 1, 1, 0, 56, 0, 0, 0
102.888610, 63, 1, 1, 0, 57, 0, 0, 0
103.329931, 6, 1, 1, 0, 58, 0, 0, 0
104.721144, 12, 1, 1, 0, 58, 0, 0, 0
105.851012, 80, 1, 1, 0, 59, 0, 0, 0
106.557100, 69, 1, 1, 0, 60, 0, 0, 0
107.593617, 91, 1, 1, 0, 61, 0, 0, 0
107.949771, 41, 1, 1, 0, 62, 0, 0, 0
108.833121, 29, 1, 1, 0, 63, 0, 0, 0
109.056431, 92, 1, 1, 0, 64, 0, 0, 0
109.254949, 37, 1, 1, 0, 65, 0, 0, 0
109.417001, 20, 1, 1, 0, 66, 0, 0, 0
109.539667, 15, 1, 1, 0, 67, 0, 0, 0
109.624118, 59, 1, 1, 0, 68, 0, 0, 0
110.063410, 22, 1, 1, 0, 69, 0, 0, 0
110.844402, 38, 1, 1, 0, 70, 0, 0, 0
110.869146, 93, 1, 1, 0, 71, 0, 0, 0
110.958807, 26, 1, 1, 0, 72, 0, 0, 0
110.959625, 96, 1, 1, 0, 73, 0, 0, 0
111.669183, 28, 1, 1, 0, 74, 0, 0, 0
112.383860, 97, 1, 1, 0, 74, 0, 0, 0
112.587698, 30, 1, 1, 0, 75, 0, 0, 0
113.143253, 99, 1, 1, 0, 76, 0, 0, 0
113.965233, 89, 1, 1, 0, 77, 0, 0, 0
113.997608, 31, 1, 1, 0, 78, 0, 0, 0
114.408565, 39, 1, 1, 0, 79, 0, 0, 0
116.717707, 65, 1, 1, 0, 80, 0, 0, 0
118.116513, 8, 1, 1, 0, 81, 0, 0, 0
118.288091, 10, 1, 1, 0, 82, 0, 0, 0
119.918799, 47, 1, 1, 0, 83, 0, 0, 0
120.688559, 24, 1, 1, 0, 84, 0, 0, 0
122.001095, 32, 1, 1, 0, 85, 0, 0, 0
122.959142, 82, 1, 1, 0, 86, 0, 0, 0
123.983830, 43, 1, 1, 0, 87, 0, 0, 0
130.307466, 56, 1, 1, 0, 88, 0, 0, 0
133.696632, 88, 1, 1, 0, 89, 0, 0, 0
134.250761, 48, 1, 1, 0, 89, 0, 0, 0
134.909578, 74, 1, 1, 0, 90, 0, 0, 0
135.058076, 97, 1, 1, 0, 90, 0, 0, 0
137.005446, 77, 1, 1, 0, 91, 0, 0, 0
137.257520, 81, 1, 1, 0, 92, 0, 0, 0
137.571325, 6, 1, 1, 0, 92, 0, 0, 0
137.587532, 94, 1, 1, 0, 93, 0, 0, 0
137.641852, 36, 1, 1, 0, 93, 0, 0, 0
137.818728, 50, 1, 1, 0, 94, 0, 0, 0
140.415506, 73, 1, 1, 0, 95, 0, 0, 0
143.317275, 14, 1, 1, 0, 95, 0, 0, 0
145.779115, 78, 1, 1, 0, 96, 0, 0, 0
146.871299, 2, 1, 1, 0, 96, 0, 0, 0
150.871626, 4, 1, 1, 0, 96, 0, 0, 0
152.665917, 83, 1, 1, 0, 96, 0, 0, 0
154.204442, 5, 1, 1, 0, 96, 0, 0, 0
154.529780, 58, 1, 1, 0, 96, 0, 0, 0
154.723795, 57, 1, 1, 0, 96, 0, 0, 0
154.791503, 62, 1, 1, 0, 96, 0, 0, 0
155.952485, 1, 1, 1, 0, 96, 0, 0, 0
156.169971, 1, 1, 4, 0, 95, 0, 0, 1
157.973240, 87, 1, 1, 0, 95, 0, 0, 1
162.073439, 90, 1, 1, 0, 96, 0, 0, 1
162.580309, 21, 1, 1, 0, 96, 0, 0, 1
166.839858, 11, 1, 1, 0, 96, 0, 0, 1
167.573122, 49, 1, 1, 0, 96, 0, 0, 1
168.241618, 25, 1, 1, 0, 96, 0, 0, 1
168.946291, 19, 1, 1, 0, 96, 0, 0, 1
169.126674, 23, 1, 1, 0, 97, 0, 0, 1
169.427844, 40, 1, 1, 0, 97, 0, 0, 1
172.556270, 94, 1, 1, 0, 97, 0, 0, 1
173.189740, 29, 1, 1, 0, 97, 0, 0, 1
175.098828, 44, 1, 1, 0, 97, 0, 0, 1
175.784310, 45, 1, 1, 0, 97, 0, 0, 1
176.626705, 3, 1, 1, 0, 97, 0, 0, 1
176.935270, 68, 1, 1, 0, 97, 0, 0, 1
178.644813, 95, 1, 1, 0, 97, 0, 0, 1
178.892019, 13, 1, 1, 0, 97, 0, 0, 1
180.246821, 98, 1, 1, 0, 97, 0, 0, 1
181.709286, 17, 1, 1, 0, 97, 0, 0, 1
182.537103, 71, 1, 1, 0, 97, 0, 0, 1
182.975124, 64, 1, 1, 0, 97, 0, 0, 1
183.229521, 35, 1, 1, 0, 97, 0, 0, 1
183.408246, 47, 1, 1, 0, 97, 0, 0, 1
184.969781, 66, 1, 1, 0, 97, 0, 0, 1
185.911436, 46, 1, 1, 0, 97, 0, 0, 1
186.938332, 69, 1, 1, 0, 97, 0, 0, 1
189.163315, 18, 1, 1, 0, 97, 0, 0, 1
190.290896, 53, 1, 1, 0, 97, 0, 0, 1
190.381534, 54, 1, 1, 0, 97, 0, 0, 1
190.922827, 56, 1, 1, 0, 97, 0, 0, 1
192.951952, 93, 1, 1, 0, 97, 0, 0, 1
194.669091, 41, 1, 1, 0, 97, 0, 0, 1
195.125013, 33, 1, 1, 0, 97, 0, 0, 1
196.527772, 30, 1, 1, 0, 97, 0, 0, 1
196.944658, 27, 1, 1, 0, 97, 0, 0, 1
197.821179, 67, 1, 1, 0, 97, 0, 0, 1
198.289468, 28, 1, 1, 0, 97, 0, 0, 1
198.746594, 96, 1, 1, 0, 97, 0, 0, 1
198.820945, 84, 1, 1, 0, 97, 0, 0, 1
199.727186, 74, 1, 1, 0, 97, 0, 0, 1
201.799814, 42, 1, 1, 0, 97, 0, 0, 1
202.509230, 24, 1, 1, 0, 97, 0, 0, 1
203.097626, 37, 1, 1, 0, 97, 0, 0, 1
205.033649, 26, 1, 1, 0, 97, 0, 0, 1
208.203861, 72, 1, 1, 0, 97, 0, 0, 1
208.424288, 79, 1, 1, 0, 97, 0, 0, 1
209.090757, 61, 1, 1, 0, 98, 0, 0, 1
210.307839, 55, 1, 1, 0, 98, 0, 0, 1
210.641305, 50, 1, 1, 0, 98, 0, 0, 1
211.370389, 43, 1, 1, 0, 98, 0, 0, 1
212.456402, 90, 1, 1, 0, 98, 0, 0, 1
213.576256, 40, 1, 1, 0, 98, 0, 0, 1
215.382620, 39, 1, 1, 0, 98, 0, 0, 1
218.706949, 76, 1, 1, 0, 98, 0, 0, 1
218.954564, 51, 1, 1, 0, 98, 0, 0, 1
219.085207, 73, 1, 1, 0, 98, 0, 0, 1
220.483101, 48, 1, 1, 0, 98, 0, 0, 1
220.497012, 6, 1, 1, 0, 98, 0, 0, 1
221.702383, 86, 1, 1, 0, 98, 0, 0, 1
223.523306, 12, 1, 1, 0, 98, 0, 0, 1
225.157078, 75, 1, 1, 0, 98, 0, 0, 1
225.411225, 59, 1, 1, 0, 98, 0, 0, 1
225.673826, 1, 1, 1, 0, 99, 0, 0, 0
225.843152, 20, 1, 1, 0, 99, 0, 0, 0
226.300974, 69, 1, 1, 0, 99, 0, 0, 0
226.388731, 91, 1, 1, 0, 99, 0, 0, 0
226.499900, 34, 1, 1, 0, 99, 0, 0, 0
227.193421, 69, 1, 4, 0, 98, 0, 0, 1
227.524168, 99, 1, 1, 0, 98, 0, 0, 1
228.276256, 98, 1, 1, 0, 98, 0, 0, 1
230.866136, 16, 1, 1, 0, 98, 0, 0, 1
231.053462, 89, 1, 1, 0, 98, 0, 0, 1
231.590965, 38, 1, 1, 0, 98, 0, 0, 1
231.612686, 60, 1, 1, 0, 98, 0, 0, 1
232.482941, 7, 1, 1, 0, 98, 0, 0, 1
233.673349, 52, 1, 1, 0, 98, 0, 0, 1
233.800527, 85, 1, 1, 0, 98, 0, 0, 1
235.029794, 88, 1, 1, 0, 98, 0, 0, 1
235.298204, 27, 1, 1, 0, 98, 0, 0, 1
235.806990, 58, 1, 1, 0, 98, 0, 0, 1
237.401591, 9, 1, 1, 0, 98, 0, 0, 1
237.726270, 70, 1, 1, 0, 98, 0, 0, 1
238.864401, 82, 1, 1, 0, 98, 0, 0, 1
238.890247, 15, 1, 1, 0, 98, 0, 0, 1
239.412420, 62, 1, 1, 0, 98, 0, 0, 1
240.986976, 97, 1, 1, 0, 98, 0, 0, 1
242.672696, 77, 1, 1, 0, 98, 0, 0, 1
243.961164, 2, 1, 1, 0, 98, 0, 0, 1
244.918579, 65, 1, 1, 0, 98, 0, 0, 1
245.841320, 22, 1, 1, 0, 98, 0, 0, 1
249.032814, 81, 1, 1, 0, 98, 0, 0, 1
249.381594, 29, 1, 1, 0, 98, 0, 0, 1
249.654927, 54, 1, 1, 0, 98, 0, 0, 1
249.899879, 39, 1, 1, 0, 98, 0, 0, 1
251.037223, 21, 1, 1, 0, 98, 0, 0, 1
253.026744, 87, 1, 1, 0, 98, 0, 0, 1
255.037190, 5, 1, 1, 0, 98, 0, 0, 1
260.494593, 68, 1, 1, 0, 98, 0, 0, 1
261.583089, 46, 1, 1, 0, 98, 0, 0, 1
262.531980, 14, 1, 1, 0, 98, 0, 0, 1
263.455490, 32, 1, 1, 0, 98, 0, 0, 1
264.006546, 95, 1, 1, 0, 98, 0, 0, 1
267.221911, 56, 1, 1, 0, 98, 0, 0, 1
267.238652, 36, 1, 1, 0, 98, 0, 0, 1
267.820205, 4, 1, 1, 0, 98, 0, 0, 1
268.132598, 92, 1, 1, 0, 98, 0, 0, 1
269.752705, 57, 1, 1, 0, 98, 0, 0, 1
269.854381, 24, 1, 1, 0, 98, 0, 0, 1
270.825684, 80, 1, 1, 0, 98, 0, 0, 1
271.344015, 11, 1, 1, 0, 98, 0, 0, 1
272.203355, 25, 1, 1, 0, 98, 0, 0, 1
275.093349, 31, 1, 1, 0, 98, 0, 0, 1
275.345326, 42, 1, 1, 0, 98, 0, 0, 1
275.887024, 13, 1, 1, 0, 98, 0, 0, 1
278.914460, 47, 1, 1, 0, 98, 0, 0, 1
279.354523, 20, 1, 1, 0, 98, 0, 0, 1
280.442733, 8, 1, 1, 0, 98, 0, 0, 1
280.495997, 78, 1, 1, 0, 98, 0, 0, 1
280.550089, 45, 1, 1, 0, 98, 0, 0, 1
280.854419, 49, 1, 1, 0, 98, 0, 0, 1
281.660766, 10, 1, 1, 0, 98, 0, 0, 1
281.841151, 63, 1, 1, 0, 98, 0, 0, 1
282.048160, 19, 1, 1, 0, 98, 0, 0, 1
282.157465, 3, 1, 1, 0, 98, 0, 0, 1
285.249744, 66, 1, 1, 0, 98, 0, 0, 1
287.890309, 79, 1, 1, 0, 98, 0, 0, 1
289.687763, 35, 1, 1, 0, 98, 0, 0, 1
290.983049, 93, 1, 1, 0, 98, 0, 0, 1
291.217786, 67, 1, 1, 0, 98, 0, 0, 1
291.966155, 50, 1, 1, 0, 98, 0, 0, 1
292.670321, 27, 1, 1, 0, 98, 0, 0, 1
292.747055, 99, 1, 1, 0, 98, 0, 0, 1
294.154778, 73, 1, 1, 0, 98, 0, 0, 1
295.079231, 37, 1, 1, 0, 98, 0, 0, 1
296.895208, 30, 1, 1, 0, 98, 0, 0, 1
299.412495, 16, 1, 1, 0, 98, 0, 0, 1
302.280750, 96, 1, 1, 0, 98, 0, 0, 1
305.548363, 64, 1, 1, 0, 98, 0, 0, 1
306.124214, 90, 1, 1, 0, 98, 0, 0, 1
306.482406, 59, 1, 1, 0, 98, 0, 0, 1
306.860799, 94, 1, 1, 0, 98, 0, 0, 1
308.627767, 74, 1, 1, 0, 98, 0, 0, 1
309.801763, 18, 1, 1, 0, 98, 0, 0, 1
311.133456, 41, 1, 1, 0, 98, 0, 0, 1
311.290758, 6, 1, 1, 0, 98, 0, 0, 1
311.820933, 72, 1, 1, 0, 98, 0, 0, 1
311.825553, 44, 1, 1, 0, 98, 0, 0, 1
311.901436, 52, 1, 1, 0, 98, 0, 0, 1
315.124895, 62, 1, 1, 0, 98, 0, 0, 1
317.514785, 85, 1, 1, 0, 98, 0, 0, 1
317.606787, 51, 1, 1, 0, 98, 0, 0, 1
317.722317, 1, 1, 1, 0, 98, 0, 0, 1
318.247003, 86, 1, 1, 0, 98, 0, 0, 1
318.736853, 61, 1, 1, 0, 98, 0, 0, 1
319.208852, 9, 1, 1, 0, 98, 0, 0, 1
319.487877, 40, 1, 1, 0, 98, 0, 0, 1
320.135402, 70, 1, 1, 0, 98, 0, 0, 1
321.083447, 43, 1, 1, 0, 98, 0, 0, 1
321.337654, 98, 1, 1, 0, 98, 0, 0, 1
323.662792, 17, 1, 1, 0, 98, 0, 0, 1
325.729886, 53, 1, 1, 0, 98, 0, 0, 1
327.008324, 83, 1, 1, 0, 98, 0, 0, 1
328.837351, 88, 1, 1, 0, 98, 0, 0, 1
329.026695, 58, 1, 1, 0, 98, 0, 0, 1
330.234574, 71, 1, 1, 0, 98, 0, 0, 1
331.300121, 28, 1, 1, 0, 98, 0, 0, 1
331.398539, 81, 1, 1, 0, 98, 0, 0, 1
331.857562, 84, 1, 1, 0, 98, 0, 0, 1
332.395794, 69, 1, 1, 0, 99, 0, 0, 0
332.455970, 39, 1, 1, 0, 99, 0, 0, 0
333.451998, 26, 1, 1, 0, 99, 0, 0, 0
333.903300, 82, 1, 1, 0, 99, 0, 0, 0
334.306110, 77, 1, 1, 0, 99, 0, 0, 0
334.785347, 32, 1, 1, 0, 99, 0, 0, 0
335.361229, 34, 1, 1, 0, 99, 0, 0, 0
335.425157, 55, 1, 1, 0, 99, 0, 0, 0
335.657715, 76, 1, 1, 0, 99, 0, 0, 0
337.290011, 75, 1, 1, 0, 99, 0, 0, 0
338.589471, 33, 1, 1, 0, 99, 0, 0, 0
338.909138, 54, 1, 1, 0, 99, 0, 0, 0
339.788450, 48, 1, 1, 0, 99, 0, 0, 0
340.001419, 65, 1, 1, 0, 99, 0, 0, 0
340.008390, 25, 1, 1, 0, 99, 0, 0, 0
343.740001, 11, 1, 1, 0, 99, 0, 0, 0
343.923455, 99, 1, 1, 0, 99, 0, 0, 0
344.939003, 21, 1, 1, 0, 99, 0, 0, 0
345.038756, 14, 1, 1, 0, 99, 0, 0, 0
345.924633, 15, 1, 1, 0, 99, 0, 0, 0
346.984176, 95, 1, 1, 0, 99, 0, 0, 0
346.985887, 23, 1, 1, 0, 99, 0, 0, 0
348.022500, 38, 1, 1, 0, 99, 0, 0, 0
348.187461, 60, 1, 1, 0, 99, 0, 0, 0
353.670743, 29, 1, 1, 0, 99, 0, 0, 0
355.123568, 12, 1, 1, 0, 99, 0, 0, 0
355.178874, 31, 1, 1, 0, 99, 0, 0, 0
355.399230, 46, 1, 1, 0, 99, 0, 0, 0
356.302415, 47, 1, 1, 0, 99, 0, 0, 0
357.335688, 57, 1, 1, 0, 99, 0, 0, 0
357.608689, 89, 1, 1, 0, 99, 0, 0, 0
357.775213, 97, 1, 1, 0, 99, 0, 0, 0
358.720808, 91, 1, 1, 0, 99, 0, 0, 0
359.669487, 68, 1, 1, 0, 99, 0, 0, 0
361.014911, 8, 1, 1, 0, 99, 0, 0, 0
363.612698, 66, 1, 1, 0, 99, 0, 0, 0
364.940464, 17, 1, 1, 0, 99, 0, 0, 0
365.473020, 30, 1, 1, 0, 99, 0, 0, 0
368.202585, 87, 1, 1, 0, 99, 0, 0, 0
369.464263, 10, 1, 1, 0, 99, 0, 0, 0
369.842406, 45, 1, 1, 0, 99, 0, 0, 0
370.038896, 73, 1, 1, 0, 99, 0, 0, 0
372.181533, 22, 1, 1, 0, 99, 0, 0, 0
373.055876, 49, 1, 1, 0, 99, 0, 0, 0
373.346423, 80, 1, 1, 0, 99, 0, 0, 0
374.133417, 62, 1, 1, 0, 99, 0, 0, 0
374.559255, 7, 1, 1, 0, 99, 0, 0, 0
378.950576, 4, 1, 1, 0, 99, 0, 0, 0
379.082915, 24, 1, 1, 0, 99, 0, 0, 0
382.421586, 63, 1, 1, 0, 99, 0, 0, 0
383.631245, 78, 1, 1, 0, 99, 0, 0, 0
385.723577, 20, 1, 1, 0, 99, 0, 0, 0
387.179391, 93, 1, 1, 0, 99, 0, 0, 0
387.239598, 58, 1, 1, 0, 99, 0, 0, 0
387.496783, 92, 1, 1, 0, 99, 0, 0, 0
388.341860, 43, 1, 1, 0, 99, 0, 0, 0
389.754278, 69, 1, 1, 0, 99, 0, 0, 0
391.066787, 79, 1, 1, 0, 99, 0, 0, 0
391.178346, 16, 1, 1, 0, 99, 0, 0, 0
391.761254, 50, 1, 1, 0, 99, 0, 0, 0
391.791237, 35, 1, 1, 0, 99, 0, 0, 0
391.985198, 56, 1, 1, 0, 99, 0, 0, 0
395.626935, 2, 1, 1, 0, 99, 0, 0, 0
396.947464, 5, 1, 1, 0, 99, 0, 0, 0
398.810188, 86, 1, 1, 0, 99, 0, 0, 0
401.032608, 67, 1, 1, 0, 99, 0, 0, 0
401.212172, 75, 1, 1, 0, 99, 0, 0, 0
402.002957, 26, 1, 1, 0, 99, 0, 0, 0
405.609603, 59, 1, 1, 0, 99, 0, 0, 0
405.825200, 3, 1, 1, 0, 99, 0, 0, 0
405.903111, 74, 1, 1, 0, 99, 0, 0, 0
406.109099, 13, 1, 1, 0, 99, 0, 0, 0
407.608875, 10, 1, 1, 0, 99, 0, 0, 0
408.749788, 29, 1, 1, 0, 99, 0, 0, 0
411.356971, 32, 1, 1, 0, 99, 0, 0, 0
411.599678, 70, 1, 1, 0, 99, 0, 0, 0
412.125043, 28, 1, 1, 0, 99, 0, 0, 0
413.799426, 36, 1, 1, 0, 99, 0, 0, 0
415.931007, 96, 1, 1, 0, 99, 0, 0, 0
417.065057, 37, 1, 1, 0, 99, 0, 0, 0
417.406839, 51, 1, 1, 0, 99, 0, 0, 0
418.080000, 72, 1, 1, 0, 99, 0, 0, 0
419.369993, 61, 1, 1, 0, 99, 0, 0, 0
420.139149, 80, 1, 1, 0, 99, 0, 0, 0
420.401277, 19, 1, 1, 0, 99, 0, 0, 0
420.443238, 40, 1, 1, 0, 99, 0, 0, 0
421.378954, 1, 1, 1, 0, 99, 0, 0, 0
421.554509, 48, 1, 1, 0, 99, 0, 0, 0
424.284135, 90, 1, 1, 0, 99, 0, 0, 0
424.770278, 65, 1, 1, 0, 99, 0, 0, 0
425.876599, 71, 1, 1, 0, 99, 0, 0, 0
426.985995, 53, 1, 1, 0, 99, 0, 0, 0
428.208034, 85, 1, 1, 0, 99, 0, 0, 0
429.557593, 52, 1, 1, 0, 99, 0, 0, 0
429.904037, 98, 1, 1, 0, 99, 0, 0, 0
430.512598, 6, 1, 1, 0, 99, 0, 0, 0
430.541964, 94, 1, 1, 0, 99, 0, 0, 0
430.856809, 27, 1, 1, 0, 99, 0, 0, 0
431.485041, 44, 1, 1, 0, 99, 0, 0, 0
433.588383, 25, 1, 1, 0, 99, 0, 0, 0
435.000375, 64, 1, 1, 0, 99, 0, 0, 0
438.574606, 11, 1, 1, 0, 99, 0, 0, 0
438.710678, 97, 1, 1, 0, 99, 0, 0, 0
438.902603, 88, 1, 1, 0, 99, 0, 0, 0
440.207306, 16, 1, 1, 0, 99, 0, 0, 0
440.824831, 24, 1, 1, 0, 99, 0, 0, 0
441.718657, 41, 1, 1, 0, 99, 0, 0, 0
442.498270, 30, 1, 1, 0, 99, 0, 0, 0
443.893420, 7, 1, 1, 0, 99, 0, 0, 0
443.931413, 82, 1, 1, 0, 99, 0, 0, 0
444.004679, 15, 1, 1, 0, 99, 0, 0, 0
444.076925, 58, 1, 1, 0, 99, 0, 0, 0
445.765521, 95, 1, 1, 0, 99, 0, 0, 0
447.493918, 73, 1, 1, 0, 99, 0, 0, 0
447.792636, 9, 1, 1, 0, 99, 0, 0, 0
448.569784, 55, 1, 1, 0, 99, 0, 0, 0
450.256265, 76, 1, 1, 0, 99, 0, 0, 0
450.589081, 21, 1, 1, 0, 99, 0, 0, 0
452.064389, 49, 1, 1, 0, 99, 0, 0, 0
452.325117, 91, 1, 1, 0, 99, 0, 0, 0
453.060757, 45, 1, 1, 0, 99, 0, 0, 0
454.432512, 42, 1, 1, 0, 99, 0, 0, 0
456.068141, 40, 1, 1, 0, 99, 0, 0, 0
456.555146, 18, 1, 1, 0, 99, 0, 0, 0
457.702834, 63, 1, 1, 0, 99, 0, 0, 0
457.724029, 99, 1, 1, 0, 99, 0, 0, 0
459.302488, 69, 1, 1, 0, 99, 0, 0, 0
459.934715, 47, 1, 1, 0, 99, 0, 0, 0
460.786854, 77, 1, 1, 0, 99, 0, 0, 0
460.913263, 31, 1, 1, 0, 99, 0, 0, 0
465.659017, 68, 1, 1, 0, 99, 0, 0, 0
465.835689, 2, 1, 1, 0, 99, 0, 0, 0
471.983396, 60, 1, 1, 0, 99, 0, 0, 0
472.099494, 92, 1, 1, 0, 99, 0, 0, 0
474.368770, 22, 1, 1, 0, 99, 0, 0, 0
476.030532, 18, 1, 1, 0, 99, 0, 0, 0
476.141258, 17, 1, 1, 0, 99, 0, 0, 0
476.529987, 83, 1, 1, 0, 99, 0, 0, 0
476.641667, 81, 1, 1, 0, 99, 0, 0, 0
477.897094, 84, 1, 1, 0, 99, 0, 0, 0
478.166430, 86, 1, 1, 0, 99, 0, 0, 0
478.690539, 38, 1, 1, 0, 99, 0, 0, 0
479.621618, 89, 1, 1, 0, 99, 0, 0, 0
481.568995, 14, 1, 1, 0, 99, 0, 0, 0
483.397539, 26, 1, 1, 0, 99, 0, 0, 0
484.665167, 12, 1, 1, 0, 99, 0, 0, 0
484.874924, 23, 1, 1, 0, 99, 0, 0, 0
485.262155, 55, 1, 1, 0, 99, 0, 0, 0
486.802040, 5, 1, 1, 0, 99, 0, 0, 0
487.314162, 13, 1, 1, 0, 99, 0, 0, 0
487.358215, 48, 1, 1, 0, 99, 0, 0, 0
489.324940, 78, 1, 1, 0, 99, 0, 0, 0
491.471947, 62, 1, 1, 0, 99, 0, 0, 0
491.534442, 34, 1, 1, 0, 99, 0, 0, 0
492.768128, 50, 1, 1, 0, 99, 0, 0, 0
493.077883, 66, 1, 1, 0, 99, 0, 0, 0
493.230236, 6, 1, 1, 0, 99, 0, 0, 0
494.351076, 37, 1, 1, 0, 99, 0, 0, 0
495.464423, 57, 1, 1, 0, 99, 0, 0, 0
496.101819, 19, 1, 1, 0, 99, 0, 0, 0
496.975385, 29, 1, 1, 0, 99, 0, 0, 0
497.195627, 75, 1, 1, 0, 99, 0, 0, 0
497.203791, 46, 1, 1, 0, 99, 0, 0, 0
497.248641, 33, 1, 1, 0, 99, 0, 0, 0
498.452116, 67, 1, 1, 0, 99, 0, 0, 0
498.775653, 76, 1, 1, 0, 99, 0, 0, 0
499.690629, 20, 1, 1, 0, 99, 0, 0, 0
500.946474, 93, 1, 1, 0, 99, 0, 0, 0
501.153337, 8, 1, 1, 0, 99, 0, 0, 0
501.254243, 65, 1, 1, 0, 99, 0, 0, 0
502.728819, 11, 1, 1, 0, 99, 0, 0, 0
502.824952, 51, 1, 1, 0, 99, 0, 0, 0
504.317529, 87, 1, 1, 0, 99, 0, 0, 0
506.476943, 36, 1, 1, 0, 99, 0, 0, 0
506.583258, 16, 1, 1, 0, 99, 0, 0, 0
506.760787, 24, 1, 1, 0, 99, 0, 0, 0
507.499977, 4, 1, 1, 0, 99, 0, 0, 0
507.590342, 3, 1, 1, 0, 99, 0, 0, 0
507.821874, 96, 1, 1, 0, 99, 0, 0, 0
508.301792, 43, 1, 1, 0, 99, 0, 0, 0
511.426780, 82, 1, 1, 0, 99, 0, 0, 0
512.924262, 32, 1, 1, 0, 99, 0, 0, 0
514.314028, 77, 1, 1, 0, 99, 0, 0, 0
514.488252, 74, 1, 1, 0, 99, 0, 0, 0
518.243366, 97, 1, 1, 0, 99, 0, 0, 0
519.083969, 94, 1, 1, 0, 99, 0, 0, 0
520.309732, 10, 1, 1, 0, 99, 0, 0, 0
521.174115, 39, 1, 1, 0, 99, 0, 0, 0
521.255695, 44, 1, 1, 0, 99, 0, 0, 0
522.179494, 58, 1, 1, 0, 99, 0, 0, 0
523.566507, 59, 1, 1, 0, 99, 0, 0, 0
523.835324, 49, 1, 1, 0, 99, 0, 0, 0
524.117417, 85, 1, 1, 0, 99, 0, 0, 0
525.270092, 28, 1, 1, 0, 99, 0, 0, 0
525.617083, 25, 1, 1, 0, 99, 0, 0, 0
527.683955, 79, 1, 1, 0, 99, 0, 0, 0
529.074552, 55, 1, 1, 0, 99, 0, 0, 0
529.683916, 53, 1, 1, 0, 99, 0, 0, 0
529.885793, 53, 1, 4, 0, 98, 0, 0, 1
534.301831, 88, 1, 1, 0, 98, 0, 0, 1
534.328306, 52, 1, 1, 0, 98, 0, 0, 1
534.656960, 30, 1, 1, 0, 98, 0, 0, 1
537.477553, 83, 1, 1, 0, 98, 0, 0, 1
538.853264, 54, 1, 1, 0, 98, 0, 0, 1
541.310181, 92, 1, 1, 0, 98, 0, 0, 1
542.055789, 27, 1, 1, 0, 98, 0, 0, 1
542.131294, 1, 1, 1, 0, 98, 0, 0, 1
543.824535, 26, 1, 1, 0, 98, 0, 0, 1
544.756592, 95, 1, 1, 0, 98, 0, 0, 1
545.700579, 35, 1, 1, 0, 98, 0, 0, 1
546.145108, 14, 1, 1, 0, 98, 0, 0, 1
548.484863, 70, 1, 1, 0, 98, 0, 0, 1
550.192684, 15, 1, 1, 0, 98, 0, 0, 1
550.746578, 6, 1, 1, 0, 98, 0, 0, 1
552.940923, 9, 1, 1, 0, 98, 0, 0, 1
553.714423, 9, 1, 4, 0, 97, 0, 0, 2
553.896024, 38, 1, 1, 0, 97, 0, 0, 2
555.899691, 56, 1, 1, 0, 97, 0, 0, 2
557.022279, 18, 1, 1, 0, 97, 0, 0, 2
557.348561, 5, 1, 1, 0, 97, 0, 0, 2
557.866427, 31, 1, 1, 0, 97, 0, 0, 2
558.090447, 66, 1, 1, 0, 97, 0, 0, 2
558.908626, 2, 1, 1, 0, 97, 0, 0, 2
559.036599, 72, 1, 1, 0, 97, 0, 0, 2
560.585000, 61, 1, 1, 0, 97, 0, 0, 2
561.933581, 16, 1, 1, 0, 97, 0, 0, 2
561.999368, 51, 1, 1, 0, 97, 0, 0, 2
563.645882, 13, 1, 1, 0, 97, 0, 0, 2
565.039571, 63, 1, 1, 0, 97, 0, 0, 2
565.360569, 29, 1, 1, 0, 97, 0, 0, 2
565.817708, 98, 1, 1, 0, 97, 0, 0, 2
566.788563, 64, 1, 1, 0, 97, 0, 0, 2
566.914398, 73, 1, 1, 0, 97, 0, 0, 2
566.959836, 94, 1, 1, 0, 97, 0, 0, 2
567.974105, 45, 1, 1, 0, 97, 0, 0, 2
568.344682, 12, 1, 1, 0, 97, 0, 0, 2
570.236049, 7, 1, 1, 0, 97, 0, 0, 2
570.507825, 21, 1, 1, 0, 97, 0, 0, 2
572.353321, 71, 1, 1, 0, 97, 0, 0, 2
573.577645, 48, 1, 1, 0, 97, 0, 0, 2
575.373505, 90, 1, 1, 0, 97, 0, 0, 2
576.781338, 41, 1, 1, 0, 97, 0, 0, 2
577.503017, 40, 1, 1, 0, 97, 0, 0, 2
577.628755, 81, 1, 1, 0, 97, 0, 0, 2
578.545408, 99, 1, 1, 0, 97, 0, 0, 2
579.742540, 80, 1, 1, 0, 97, 0, 0, 2
580.943229, 84, 1, 1, 0, 97, 0, 0, 2
581.546232, 79, 1, 1, 0, 97, 0, 0, 2
582.728431, 19, 1, 1, 0, 97, 0, 0, 2
583.205103, 65, 1, 1, 0, 97, 0, 0, 2
583.439945, 20, 1, 1, 0, 97, 0, 0, 2
584.103551, 86, 1, 1, 0, 97, 0, 0, 2
584.984531, 76, 1, 1, 0, 97, 0, 0, 2
585.167573, 32, 1, 1, 0, 97, 0, 0, 2
588.521607, 60, 1, 1, 0, 97, 0, 0, 2
588.538489, 47, 1, 1, 0, 97, 0, 0, 2
590.154586, 62, 1, 1, 0, 97, 0, 0, 2
591.008739, 97, 1, 1, 0, 97, 0, 0, 2
591.459652, 88, 1, 1, 0, 97, 0, 0, 2
591.794314, 30, 1, 1, 0, 97, 0, 0, 2
594.416568, 34, 1, 1, 0, 97, 0, 0, 2
599.194695, 17, 1, 1, 0, 97, 0, 0, 2
599.352063, 91, 1, 1, 0, 97, 0, 0, 2
599.997581, 68, 1, 1, 0, 97, 0, 0, 2
600.525093, 82, 1, 1, 0, 97, 0, 0, 2
601.158708, 69, 1, 1, 0, 97, 0, 0, 2
606.054211, 89, 1, 1, 0, 97, 0, 0, 2
606.824889, 28, 1, 1, 0, 97, 0, 0, 2
607.452013, 33, 1, 1, 0, 97, 0, 0, 2
607.901903, 85, 1, 1, 0, 97, 0, 0, 2
608.265496, 49, 1, 1, 0, 97, 0, 0, 2
608.731492, 95, 1, 1, 0, 97, 0, 0, 2
608.742056, 74, 1, 1, 0, 97, 0, 0, 2
609.629022, 26, 1, 1, 0, 97, 0, 0, 2
609.787910, 75, 1, 1, 0, 97, 0, 0, 2
611.829337, 11, 1, 1, 0, 97, 0, 0, 2
612.095149, 39, 1, 1, 0, 97, 0, 0, 2
612.582455, 23, 1, 1, 0, 97, 0, 0, 2
612.673730, 57, 1, 1, 0, 97, 0, 0, 2
612.871072, 1, 1, 1, 0, 97, 0, 0, 2
612.949748, 78, 1, 1, 0, 97, 0, 0, 2
613.724208, 42, 1, 1, 0, 97, 0, 0, 2
613.796900, 22, 1, 1, 0, 97, 0, 0, 2
614.023912, 3, 1, 1, 0, 97, 0, 0, 2
614.024373, 46, 1, 1, 0, 97, 0, 0, 2
615.797225, 37, 1, 1, 0, 97, 0, 0, 2
615.821388, 31, 1, 1, 0, 97, 0, 0, 2
616.362969, 4, 1, 1, 0, 97, 0, 0, 2
618.281166, 59, 1, 1, 0, 97, 0, 0, 2
618.954040, 58, 1, 1, 0, 97, 0, 0, 2
623.953811, 50, 1, 1, 0, 97, 0, 0, 2
625.407725, 70, 1, 1, 0, 97, 0, 0, 2
625.908391, 44, 1, 1, 0, 97, 0, 0, 2
626.520404, 81, 1, 1, 0, 97, 0, 0, 2
628.418104, 38, 1, 1, 0, 97, 0, 0, 2
629.580468, 55, 1, 1, 0, 97, 0, 0, 2
630.007452, 13, 1, 1, 0, 97, 0, 0, 2
633.887978, 9, 1, 1, 0, 98, 0, 0, 1
634.765904, 76, 1, 1, 0, 98, 0, 0, 1
635.013260, 67, 1, 1, 0, 98, 0, 0, 1
635.735881, 2, 1, 1, 0, 98, 0, 0, 1
636.797560, 53, 1, 1, 0, 99, 0, 0, 0
637.601793, 10, 1, 1, 0, 99, 0, 0, 0
638.055908, 79, 1, 1, 0, 99, 0, 0, 0
638.401213, 87, 1, 1, 0, 99, 0, 0, 0
639.399505, 36, 1, 1, 0, 99, 0, 0, 0
639.561940, 6, 1, 1, 0, 99, 0, 0, 0
640.694860, 96, 1, 1, 0, 99, 0, 0, 0
641.597748, 35, 1, 1, 0, 99, 0, 0, 0
641.806020, 54, 1, 1, 0, 99, 0, 0, 0
641.976597, 8, 1, 1, 0, 99, 0, 0, 0
642.473735, 16, 1, 1, 0, 99, 0, 0, 0
645.273159, 93, 1, 1, 0, 99, 0, 0, 0
647.126150, 24, 1, 1, 0, 99, 0, 0, 0
647.234978, 43, 1, 1, 0, 99, 0, 0, 0
648.413952, 77, 1, 1, 0, 99, 0, 0, 0
654.489347, 15, 1, 1, 0, 99, 0, 0, 0
657.610752, 83, 1, 1, 0, 99, 0, 0, 0
658.051597, 65, 1, 1, 0, 99, 0, 0, 0
658.308038, 45, 1, 1, 0, 99, 0, 0, 0
658.675903, 18, 1, 1, 0, 99, 0, 0, 0
658.893050, 92, 1, 1, 0, 99, 0, 0, 0
659.913119, 5, 1, 1, 0, 99, 0, 0, 0
660.028776, 68, 1, 1, 0, 99, 0, 0, 0
660.516367, 53, 1, 1, 0, 99, 0, 0, 0
661.385304, 64, 1, 1, 0, 99, 0, 0, 0
662.414188, 31, 1, 1, 0, 99, 0, 0, 0
662.645655, 72, 1, 1, 0, 99, 0, 0, 0
666.214274, 41, 1, 1, 0, 99, 0, 0, 0
666.793912, 94, 1, 1, 0, 99, 0, 0, 0
667.022773, 26, 1, 1, 0, 99, 0, 0, 0
667.063576, 99, 1, 1, 0, 99, 0, 0, 0
667.567195, 63, 1, 1, 0, 99, 0, 0, 0
668.373322, 39, 1, 1, 0, 99, 0, 0, 0
669.877257, 27, 1, 1, 0, 99, 0, 0, 0
670.308246, 49, 1, 1, 0, 99, 0, 0, 0
671.159156, 52, 1, 1, 0, 99, 0, 0, 0
672.100308, 40, 1, 1, 0, 99, 0, 0, 0
672.305991, 97, 1, 1, 0, 99, 0, 0, 0
672.514597, 20, 1, 1, 0, 99, 0, 0, 0
675.126555, 25, 1, 1, 0, 99, 0, 0, 0
676.110702, 3, 1, 1, 0, 99, 0, 0, 0
678.474479, 85, 1, 1, 0, 99, 0, 0, 0
679.443904, 60, 1, 1, 0, 99, 0, 0, 0
683.508347, 56, 1, 1, 0, 99, 0, 0, 0
684.081226, 1, 1, 1, 0, 99, 0, 0, 0
684.700416, 33, 1, 1, 0, 99, 0, 0, 0
684.847204, 98, 1, 1, 0, 99, 0, 0, 0
685.458055, 17, 1, 1, 0, 99, 0, 0, 0
685.626508, 82, 1, 1, 0, 99, 0, 0, 0
686.124322, 95, 1, 1, 0, 99, 0, 0, 0
686.468750, 80, 1, 1, 0, 99, 0, 0, 0
686.707239, 5, 1, 1, 0, 99, 0, 0, 0
687.268704, 71, 1, 1, 0, 99, 0, 0, 0
687.330069, 12, 1, 1, 0, 99, 0, 0, 0
687.517681, 87, 1, 1, 0, 99, 0, 0, 0
690.201948, 28, 1, 1, 0, 99, 0, 0, 0
692.706432, 61, 1, 1, 0, 99, 0, 0, 0
694.601695, 22, 1, 1, 0, 99, 0, 0, 0
695.492297, 90, 1, 1, 0, 99, 0, 0, 0
695.894599, 19, 1, 1, 0, 99, 0, 0, 0
698.827678, 75, 1, 1, 0, 99, 0, 0, 0
699.896411, 7, 1, 1, 0, 99, 0, 0, 0
702.837406, 58, 1, 1, 0, 99, 0, 0, 0
704.166949, 69, 1, 1, 0, 99, 0, 0, 0
704.352533, 21, 1, 1, 0, 99, 0, 0, 0
704.561164, 50, 1, 1, 0, 99, 0, 0, 0
704.765425, 50, 1, 4, 0, 98, 0, 0, 1
704.970243, 15, 1, 1, 0, 98, 0, 0, 1
705.149386, 37, 1, 1, 0, 98, 0, 0, 1
707.884142, 62, 1, 1, 0, 98, 0, 0, 1
710.744683, 91, 1, 1, 0, 98, 0, 0, 1
710.822655, 76, 1, 1, 0, 98, 0, 0, 1
710.956007, 51, 1, 1, 0, 98, 0, 0, 1
711.577250, 32, 1, 1, 0, 98, 0, 0, 1
711.836735, 73, 1, 1, 0, 98, 0, 0, 1
712.122412, 2, 1, 1, 0, 98, 0, 0, 1
712.204352, 86, 1, 1, 0, 98, 0, 0, 1
713.416501, 36, 1, 1, 0, 98, 0, 0, 1
713.468913, 34, 1, 1, 0, 98, 0, 0, 1
714.414336, 42, 1, 1, 0, 98, 0, 0, 1
714.781237, 57, 1, 1, 0, 98, 0, 0, 1
715.238110, 35, 1, 1, 0, 98, 0, 0, 1
715.381418, 14, 1, 1, 0, 98, 0, 0, 1
715.829206, 29, 1, 1, 0, 98, 0, 0, 1
716.683531, 11, 1, 1, 0, 98, 0, 0, 1
720.768248, 81, 1, 1, 0, 98, 0, 0, 1
721.359434, 74, 1, 1, 0, 98, 0, 0, 1
721.764561, 38, 1, 1, 0, 98, 0, 0, 1
724.790023, 54, 1, 1, 0, 98, 0, 0, 1
724.876341, 44, 1, 1, 0, 98, 0, 0, 1
727.255980, 48, 1, 1, 0, 98, 0, 0, 1
728.230985, 78, 1, 1, 0, 98, 0, 0, 1
728.361260, 31, 1, 1, 0, 98, 0, 0, 1
728.622604, 47, 1, 1, 0, 98, 0, 0, 1
732.560623, 82, 1, 1, 0, 98, 0, 0, 1
733.238273, 88, 1, 1, 0, 98, 0, 0, 1
734.381303, 13, 1, 1, 0, 98, 0, 0, 1
734.579336, 77, 1, 1, 0, 98, 0, 0, 1
734.699263, 59, 1, 1, 0, 98, 0, 0, 1
735.123354, 66, 1, 1, 0, 98, 0, 0, 1
735.434093, 8, 1, 1, 0, 98, 0, 0, 1
735.586627, 4, 1, 1, 0, 98, 0, 0, 1
736.010158, 84, 1, 1, 0, 98, 0, 0, 1
736.300653, 43, 1, 1, 0, 98, 0, 0, 1
738.614775, 65, 1, 1, 0, 98, 0, 0, 1
739.322988, 26, 1, 1, 0, 98, 0, 0, 1
740.805505, 10, 1, 1, 0, 98, 0, 0, 1
742.255793, 67, 1, 1, 0, 98, 0, 0, 1
743.084455, 64, 1, 1, 0, 98, 0, 0, 1
745.150390, 52, 1, 1, 0, 98, 0, 0, 1
745.935476, 56, 1, 1, 0, 98, 0, 0, 1
746.664017, 79, 1, 1, 0, 98, 0, 0, 1
747.161244, 50, 1, 1, 0, 99, 0, 0, 0
747.671487, 53, 1, 1, 0, 99, 0, 0, 0
748.780855, 30, 1, 1, 0, 99, 0, 0, 0
749.244797, 74, 1, 1, 0, 99, 0, 0, 0
751.707555, 63, 1, 1, 0, 99, 0, 0, 0
753.984689, 49, 1, 1, 0, 99, 0, 0, 0
755.916865, 1, 1, 1, 0, 99, 0, 0, 0
756.120569, 18, 1, 1, 0, 99, 0, 0, 0
756.459124, 43, 1, 1, 0, 99, 0, 0, 0
756.603509, 72, 1, 1, 0, 99, 0, 0, 0
758.005943, 45, 1, 1, 0, 99, 0, 0, 0
758.144051, 89, 1, 1, 0, 99, 0, 0, 0
759.202095, 27, 1, 1, 0, 99, 0, 0, 0
760.321266, 5, 1, 1, 0, 99, 0, 0, 0
760.570009, 23, 1, 1, 0, 99, 0, 0, 0
761.632161, 91, 1, 1, 0, 99, 0, 0, 0
762.474670, 55, 1, 1, 0, 99, 0, 0, 0
764.214303, 19, 1, 1, 0, 99, 0, 0, 0
764.376863, 24, 1, 1, 0, 99, 0, 0, 0
764.413688, 70, 1, 1, 0, 99, 0, 0, 0
770.786253, 28, 1, 1, 0, 99, 0, 0, 0
770.787396, 25, 1, 1, 0, 99, 0, 0, 0
770.845540, 33, 1, 1, 0, 99, 0, 0, 0
770.909796, 25, 1, 4, 0, 98, 0, 0, 1
774.238290, 60, 1, 1, 0, 98, 0, 0, 1
775.322651, 39, 1, 1, 0, 98, 0, 0, 1
777.675071, 80, 1, 1, 0, 98, 0, 0, 1
778.176155, 44, 1, 1, 0, 98, 0, 0, 1
780.434692, 93, 1, 1, 0, 98, 0, 0, 1
782.535300, 15, 1, 1, 0, 98, 0, 0, 1
783.082708, 83, 1, 1, 0, 98, 0, 0, 1
783.570141, 6, 1, 1, 0, 98, 0, 0, 1
784.908565, 14, 1, 1, 0, 98, 0, 0, 1
785.878066, 16, 1, 1, 0, 98, 0, 0, 1
786.137191, 92, 1, 1, 0, 98, 0, 0, 1
786.612342, 68, 1, 1, 0, 98, 0, 0, 1
787.424297, 35, 1, 1, 0, 98, 0, 0, 1
789.413194, 22, 1, 1, 0, 98, 0, 0, 1
791.028930, 76, 1, 1, 0, 98, 0, 0, 1
791.263146, 20, 1, 1, 0, 98, 0, 0, 1
791.962694, 75, 1, 1, 0, 98, 0, 0, 1
792.290199, 96, 1, 1, 0, 98, 0, 0, 1
792.949426, 17, 1, 1, 0, 98, 0, 0, 1
794.662948, 40, 1, 1, 0, 98, 0, 0, 1
794.876283, 47, 1, 1, 0, 98, 0, 0, 1
795.293317, 98, 1, 1, 0, 98, 0, 0, 1
795.657106, 46, 1, 1, 0, 98, 0, 0, 1
796.211742, 84, 1, 1, 0, 98, 0, 0, 1
797.015177, 99, 1, 1, 0, 98, 0, 0, 1
797.877111, 42, 1, 1, 0, 98, 0, 0, 1
799.118855, 37, 1, 1, 0, 98, 0, 0, 1
802.846225, 87, 1, 1, 0, 98, 0, 0, 1
805.646333, 51, 1, 1, 0, 98, 0, 0, 1
807.831346, 61, 1, 1, 0, 98, 0, 0, 1
808.501408, 9, 1, 1, 0, 98, 0, 0, 1
809.042178, 23, 1, 1, 0, 98, 0, 0, 1
810.184180, 2, 1, 1, 0, 98, 0, 0, 1
811.124433, 86, 1, 1, 0, 98, 0, 0, 1
811.462622, 77, 1, 1, 0, 98, 0, 0, 1
811.702375, 69, 1, 1, 0, 98, 0, 0, 1
813.618869, 44, 1, 1, 0, 98, 0, 0, 1
814.226617, 3, 1, 1, 0, 98, 0, 0, 1
814.612218, 90, 1, 1, 0, 98, 0, 0, 1
816.441481, 38, 1, 1, 0, 98, 0, 0, 1
816.718976, 1, 1, 1, 0, 98, 0, 0, 1
817.109830, 52, 1, 1, 0, 98, 0, 0, 1
819.518599, 65, 1, 1, 0, 98, 0, 0, 1
820.695466, 34, 1, 1, 0, 98, 0, 0, 1
821.095048, 73, 1, 1, 0, 98, 0, 0, 1
823.399954, 49, 1, 1, 0, 98, 0, 0, 1
824.118725, 54, 1, 1, 0, 98, 0, 0, 1
824.349229, 26, 1, 1, 0, 98, 0, 0, 1
824.381877, 59, 1, 1, 0, 98, 0, 0, 1
824.466626, 12, 1, 1, 0, 98, 0, 0, 1
825.163579, 56, 1, 1, 0, 98, 0, 0, 1
825.217002, 95, 1, 1, 0, 98, 0, 0, 1
827.841445, 11, 1, 1, 0, 98, 0, 0, 1
827.885474, 31, 1, 1, 0, 98, 0, 0, 1
828.069674, 7, 1, 1, 0, 98, 0, 0, 1
828.624241, 71, 1, 1, 0, 98, 0, 0, 1
828.696598, 28, 1, 1, 0, 98, 0, 0, 1
830.866709, 67, 1, 1, 0, 98, 0, 0, 1
834.236791, 12, 1, 1, 0, 98, 0, 0, 1
835.790501, 24, 1, 1, 0, 98, 0, 0, 1
835.958057, 97, 1, 1, 0, 98, 0, 0, 1
837.285554, 13, 1, 1, 0, 98, 0, 0, 1
838.546465, 18, 1, 1, 0, 98, 0, 0, 1
839.849206, 82, 1, 1, 0, 98, 0, 0, 1
840.409093, 63, 1, 1, 0, 98, 0, 0, 1
840.951001, 41, 1, 1, 0, 98, 0, 0, 1
840.960083, 5, 1, 1, 0, 98, 0, 0, 1
841.467072, 53, 1, 1, 0, 98, 0, 0, 1
842.287861, 89, 1, 1, 0, 98, 0, 0, 1
843.013288, 8, 1, 1, 0, 98, 0, 0, 1
843.983707, 81, 1, 1, 0, 98, 0, 0, 1
844.472412, 62, 1, 1, 0, 98, 0, 0, 1
845.523865, 50, 1, 1, 0, 98, 0, 0, 1
846.246443, 85, 1, 1, 0, 98, 0, 0, 1
847.058346, 79, 1, 1, 0, 98, 0, 0, 1
848.521863, 58, 1, 1, 0, 98, 0, 0, 1
848.844686, 94, 1, 1, 0, 98, 0, 0, 1
849.677918, 10, 1, 1, 0, 98, 0, 0, 1
850.095534, 64, 1, 1, 0, 98, 0, 0, 1
850.622581, 74, 1, 1, 0, 98, 0, 0, 1
852.966517, 33, 1, 1, 0, 98, 0, 0, 1
855.333736, 93, 1, 1, 0, 98, 0, 0, 1
855.724980, 47, 1, 1, 0, 98, 0, 0, 1
855.948300, 36, 1, 1, 0, 98, 0, 0, 1
857.073205, 91, 1, 1, 0, 98, 0, 0, 1
857.273419, 52, 1, 1, 0, 98, 0, 0, 1
857.805081, 70, 1, 1, 0, 98, 0, 0, 1
857.839190, 43, 1, 1, 0, 98, 0, 0, 1
858.663251, 78, 1, 1, 0, 98, 0, 0, 1
859.213058, 25, 1, 1, 0, 99, 0, 0, 0
860.105500, 66, 1, 1, 0, 99, 0, 0, 0
862.209434, 45, 1, 1, 0, 99, 0, 0, 0
863.015643, 29, 1, 1, 0, 99, 0, 0, 0
864.263666, 57, 1, 1, 0, 99, 0, 0, 0
864.452329, 4, 1, 1, 0, 99, 0, 0, 0
865.203603, 48, 1, 1, 0, 99, 0, 0, 0
865.789614, 69, 1, 1, 0, 99, 0, 0, 0
865.901315, 32, 1, 1, 0, 99, 0, 0, 0
866.595518, 88, 1, 1, 0, 99, 0, 0, 0
869.229629, 15, 1, 1, 0, 99, 0, 0, 0
870.303439, 75, 1, 1, 0, 99, 0, 0, 0
870.385974, 19, 1, 1, 0, 99, 0, 0, 0
871.164483, 30, 1, 1, 0, 99, 0, 0, 0
871.765785, 40, 1, 1, 0, 99, 0, 0, 0
874.793523, 21, 1, 1, 0, 99, 0, 0, 0
876.093861, 84, 1, 1, 0, 99, 0, 0, 0
878.286296, 87, 1, 1, 0, 99, 0, 0, 0
878.619356, 92, 1, 1, 0, 99, 0, 0, 0
883.230373, 68, 1, 1, 0, 99, 0, 0, 0
886.263147, 77, 1, 1, 0, 99, 0, 0, 0
886.739608, 61, 1, 1, 0, 99, 0, 0, 0
890.395239, 90, 1, 1, 0, 99, 0, 0, 0
890.590083, 56, 1, 1, 0, 99, 0, 0, 0
891.582998, 60, 1, 1, 0, 99, 0, 0, 0
893.191947, 80, 1, 1, 0, 99, 0, 0, 0
894.119150, 44, 1, 1, 0, 99, 0, 0, 0
894.488442, 98, 1, 1, 0, 99, 0, 0, 0
894.501580, 17, 1, 1, 0, 99, 0, 0, 0
895.217130, 72, 1, 1, 0, 99, 0, 0, 0
895.401814, 42, 1, 1, 0, 99, 0, 0, 0
895.632283, 20, 1, 1, 0, 99, 0, 0, 0
895.992129, 54, 1, 1, 0, 99, 0, 0, 0
896.740689, 65, 1, 1, 0, 99, 0, 0, 0
897.232605, 27, 1, 1, 0, 99, 0, 0, 0
897.552518, 23, 1, 1, 0, 99, 0, 0, 0
898.462163, 76, 1, 1, 0, 99, 0, 0, 0
898.507485, 51, 1, 1, 0, 99, 0, 0, 0
899.395908, 18, 1, 1, 0, 99, 0, 0, 0
900.394496, 2, 1, 1, 0, 99, 0, 0, 0
900.734104, 14, 1, 1, 0, 99, 0, 0, 0
901.759729, 16, 1, 1, 0, 99, 0, 0, 0
901.817854, 9, 1, 1, 0, 99, 0, 0, 0
902.904759, 96, 1, 1, 0, 99, 0, 0, 0
903.703732, 62, 1, 1, 0, 99, 0, 0, 0
904.517919, 22, 1, 1, 0, 99, 0, 0, 0
904.536202, 35, 1, 1, 0, 99, 0, 0, 0
904.568532, 7, 1, 1, 0, 99, 0, 0, 0
906.711302, 49, 1, 1, 0, 99, 0, 0, 0
906.896998, 6, 1, 1, 0, 99, 0, 0, 0
907.110838, 39, 1, 1, 0, 99, 0, 0, 0
910.052920, 64, 1, 1, 0, 99, 0, 0, 0
911.377632, 26, 1, 1, 0, 99, 0, 0, 0
911.410807, 82, 1, 1, 0, 99, 0, 0, 0
911.780544, 73, 1, 1, 0, 99, 0, 0, 0
912.349517, 38, 1, 1, 0, 99, 0, 0, 0
913.351070, 1, 1, 1, 0, 99, 0, 0, 0
915.965992, 63, 1, 1, 0, 99, 0, 0, 0
916.270841, 42, 1, 1, 0, 99, 0, 0, 0
916.273816, 99, 1, 1, 0, 99, 0, 0, 0
916.855005, 41, 1, 1, 0, 99, 0, 0, 0
918.823698, 71, 1, 1, 0, 99, 0, 0, 0
920.462683, 55, 1, 1, 0, 99, 0, 0, 0
925.705915, 25, 1, 1, 0, 99, 0, 0, 0
928.018911, 34, 1, 1, 0, 99, 0, 0, 0
928.167101, 36, 1, 1, 0, 99, 0, 0, 0
929.321822, 91, 1, 1, 0, 99, 0, 0, 0
930.443863, 10, 1, 1, 0, 99, 0, 0, 0
930.788165, 48, 1, 1, 0, 99, 0, 0, 0
931.012807, 46, 1, 1, 0, 99, 0, 0, 0
932.271066, 59, 1, 1, 0, 99, 0, 0, 0
933.591820, 53, 1, 1, 0, 99, 0, 0, 0
933.705121, 29, 1, 1, 0, 99, 0, 0, 0
934.050319, 12, 1, 1, 0, 99, 0, 0, 0
935.381259, 52, 1, 1, 0, 99, 0, 0, 0
936.245179, 40, 1, 1, 0, 99, 0, 0, 0
936.963579, 3, 1, 1, 0, 99, 0, 0, 0
937.067390, 37, 1, 1, 0, 99, 0, 0, 0
937.656276, 83, 1, 1, 0, 99, 0, 0, 0
939.324721, 67, 1, 1, 0, 99, 0, 0, 0
940.859317, 5, 1, 1, 0, 99, 0, 0, 0
941.634066, 97, 1, 1, 0, 99, 0, 0, 0
942.151037, 86, 1, 1, 0, 99, 0, 0, 0
942.501392, 32, 1, 1, 0, 99, 0, 0, 0
942.724585, 8, 1, 1, 0, 99, 0, 0, 0
943.062799, 32, 1, 4, 0, 98, 0, 0, 1
945.053575, 13, 1, 1, 0, 98, 0, 0, 1
945.555547, 57, 1, 1, 0, 98, 0, 0, 1
946.767686, 66, 1, 1, 0, 98, 0, 0, 1
947.541536, 4, 1, 1, 0, 98, 0, 0, 1
948.740913, 79, 1, 1, 0, 98, 0, 0, 1
948.925238, 58, 1, 1, 0, 98, 0, 0, 1
949.708172, 58, 1, 4, 0, 97, 0, 0, 2
950.042727, 92, 1, 1, 0, 97, 0, 0, 2
950.268383, 14, 1, 1, 0, 97, 0, 0, 2
951.297024, 87, 1, 1, 0, 97, 0, 0, 2
952.507931, 61, 1, 1, 0, 97, 0, 0, 2
955.412337, 64, 1, 1, 0, 97, 0, 0, 2
956.007230, 85, 1, 1, 0, 97, 0, 0, 2
956.697409, 31, 1, 1, 0, 97, 0, 0, 2
957.948834, 80, 1, 1, 0, 97, 0, 0, 2
958.030233, 78, 1, 1, 0, 97, 0, 0, 2
958.037281, 94, 1, 1, 0, 97, 0, 0, 2
958.488481, 24, 1, 1, 0, 97, 0, 0, 2
958.560061, 54, 1, 1, 0, 97, 0, 0, 2
958.882313, 47, 1, 1, 0, 97, 0, 0, 2
958.933475, 44, 1, 1, 0, 97, 0, 0, 2
959.625490, 15, 1, 1, 0, 97, 0, 0, 2
960.129700, 28, 1, 1, 0, 97, 0, 0, 2
960.716310, 21, 1, 1, 0, 97, 0, 0, 2
961.119336, 71, 1, 1, 0, 97, 0, 0, 2
962.767518, 62, 1, 1, 0, 97, 0, 0, 2
969.507511, 70, 1, 1, 0, 97, 0, 0, 2
969.987660, 33, 1, 1, 0, 97, 0, 0, 2
971.042792, 74, 1, 1, 0, 97, 0, 0, 2
972.331510, 45, 1, 1, 0, 97, 0, 0, 2
974.312812, 41, 1, 1, 0, 97, 0, 0, 2
974.378385, 11, 1, 1, 0, 97, 0, 0, 2
974.501896, 89, 1, 1, 0, 97, 0, 0, 2
974.597689, 68, 1, 1, 0, 97, 0, 0, 2
975.913733, 92, 1, 1, 0, 97, 0, 0, 2
977.341172, 43, 1, 1, 0, 97, 0, 0, 2
979.031642, 22, 1, 1, 0, 97, 0, 0, 2
979.511571, 77, 1, 1, 0, 97, 0, 0, 2
980.872326, 6, 1, 1, 0, 97, 0, 0, 2
980.959710, 81, 1, 1, 0, 97, 0, 0, 2
981.517880, 93, 1, 1, 0, 97, 0, 0, 2
981.678331, 90, 1, 1, 0, 97, 0, 0, 2
982.686627, 51, 1, 1, 0, 97, 0, 0, 2
983.022444, 18, 1, 1, 0, 97, 0, 0, 2
983.414176, 95, 1, 1, 0, 97, 0, 0, 2
983.954569, 85, 1, 1, 0, 97, 0, 0, 2
986.928535, 9, 1, 1, 0, 97, 0, 0, 2
989.700755, 65, 1, 1, 0, 97, 0, 0, 2
989.733022, 87, 1, 1, 0, 97, 0, 0, 2
990.217170, 63, 1, 1, 0, 97, 0, 0, 2
990.542319, 38, 1, 1, 0, 97, 0, 0, 2
990.586341, 88, 1, 1, 0, 97, 0, 0, 2
990.962510, 1, 1, 1, 0, 97, 0, 0, 2
993.807710, 84, 1, 1, 0, 97, 0, 0, 2
995.519172, 26, 1, 1, 0, 97, 0, 0, 2
996.136619, 30, 1, 1, 0, 97, 0, 0, 2
997.843561, 47, 1, 1, 0, 97, 0, 0, 2
998.590453, 59, 1, 1, 0, 97, 0, 0, 2
998.605516, 91, 1, 1, 0, 97, 0, 0, 2
1000.074194, 16, 1, 1, 0, 97, 0, 0, 2
